score,duration_s,signal,mode,pitch_thr,yaw_thr,iris_thr,gap_tolerance_s,writing_fires,reading_fires,natural_fp_count,natural_total,suspicious_tp_count,suspicious_total,best_suspicious_streak_s,best_suspicious_label
39.29,4.0,gaze,yaw_only,20.0,5.0,,0.4,0,0,3,3,3,3,24.29,suspicious_phone_under_desk_2_laptop
39.29,4.0,gaze,both,20.0,5.0,,0.4,0,0,3,3,3,3,24.29,suspicious_phone_under_desk_2_laptop
39.29,4.0,gaze,yaw_only,25.0,5.0,,0.4,0,0,3,3,3,3,24.29,suspicious_phone_under_desk_2_laptop
39.29,4.0,gaze,both,25.0,5.0,,0.4,0,0,3,3,3,3,24.29,suspicious_phone_under_desk_2_laptop
39.29,4.0,gaze,yaw_only,30.0,5.0,,0.4,0,0,3,3,3,3,24.29,suspicious_phone_under_desk_2_laptop
39.29,4.0,gaze,both,30.0,5.0,,0.4,0,0,3,3,3,3,24.29,suspicious_phone_under_desk_2_laptop
39.29,4.0,gaze,yaw_only,99.0,5.0,,0.4,0,0,3,3,3,3,24.29,suspicious_phone_under_desk_2_laptop
39.29,4.0,gaze,both,99.0,5.0,,0.4,0,0,3,3,3,3,24.29,suspicious_phone_under_desk_2_laptop
39.29,6.0,gaze,yaw_only,20.0,5.0,,0.4,0,0,3,3,3,3,24.29,suspicious_phone_under_desk_2_laptop
39.29,6.0,gaze,both,20.0,5.0,,0.4,0,0,3,3,3,3,24.29,suspicious_phone_under_desk_2_laptop
39.29,6.0,gaze,yaw_only,25.0,5.0,,0.4,0,0,3,3,3,3,24.29,suspicious_phone_under_desk_2_laptop
39.29,6.0,gaze,both,25.0,5.0,,0.4,0,0,3,3,3,3,24.29,suspicious_phone_under_desk_2_laptop
39.29,6.0,gaze,yaw_only,30.0,5.0,,0.4,0,0,3,3,3,3,24.29,suspicious_phone_under_desk_2_laptop
39.29,6.0,gaze,both,30.0,5.0,,0.4,0,0,3,3,3,3,24.29,suspicious_phone_under_desk_2_laptop
39.29,6.0,gaze,yaw_only,99.0,5.0,,0.4,0,0,3,3,3,3,24.29,suspicious_phone_under_desk_2_laptop
39.29,6.0,gaze,both,99.0,5.0,,0.4,0,0,3,3,3,3,24.29,suspicious_phone_under_desk_2_laptop
39.29,8.0,gaze,yaw_only,20.0,5.0,,0.4,0,0,3,3,3,3,24.29,suspicious_phone_under_desk_2_laptop
39.29,8.0,gaze,both,20.0,5.0,,0.4,0,0,3,3,3,3,24.29,suspicious_phone_under_desk_2_laptop
39.29,8.0,gaze,yaw_only,25.0,5.0,,0.4,0,0,3,3,3,3,24.29,suspicious_phone_under_desk_2_laptop
39.29,8.0,gaze,both,25.0,5.0,,0.4,0,0,3,3,3,3,24.29,suspicious_phone_under_desk_2_laptop
39.29,8.0,gaze,yaw_only,30.0,5.0,,0.4,0,0,3,3,3,3,24.29,suspicious_phone_under_desk_2_laptop
39.29,8.0,gaze,both,30.0,5.0,,0.4,0,0,3,3,3,3,24.29,suspicious_phone_under_desk_2_laptop
39.29,8.0,gaze,yaw_only,99.0,5.0,,0.4,0,0,3,3,3,3,24.29,suspicious_phone_under_desk_2_laptop
39.29,8.0,gaze,both,99.0,5.0,,0.4,0,0,3,3,3,3,24.29,suspicious_phone_under_desk_2_laptop
38.45,4.0,head,yaw_only,20.0,5.0,,0.4,0,0,3,3,3,3,23.45,suspicious_phone_under_desk_2_laptop
38.45,4.0,head,both,20.0,5.0,,0.4,0,0,3,3,3,3,23.45,suspicious_phone_under_desk_2_laptop
38.45,4.0,head,yaw_only,25.0,5.0,,0.4,0,0,3,3,3,3,23.45,suspicious_phone_under_desk_2_laptop
38.45,4.0,head,both,25.0,5.0,,0.4,0,0,3,3,3,3,23.45,suspicious_phone_under_desk_2_laptop
38.45,4.0,head,yaw_only,30.0,5.0,,0.4,0,0,3,3,3,3,23.45,suspicious_phone_under_desk_2_laptop
38.45,4.0,head,both,30.0,5.0,,0.4,0,0,3,3,3,3,23.45,suspicious_phone_under_desk_2_laptop
38.45,4.0,head,yaw_only,99.0,5.0,,0.4,0,0,3,3,3,3,23.45,suspicious_phone_under_desk_2_laptop
38.45,4.0,head,both,99.0,5.0,,0.4,0,0,3,3,3,3,23.45,suspicious_phone_under_desk_2_laptop
38.45,6.0,head,yaw_only,20.0,5.0,,0.4,0,0,3,3,3,3,23.45,suspicious_phone_under_desk_2_laptop
38.45,6.0,head,both,20.0,5.0,,0.4,0,0,3,3,3,3,23.45,suspicious_phone_under_desk_2_laptop
38.45,6.0,head,yaw_only,25.0,5.0,,0.4,0,0,3,3,3,3,23.45,suspicious_phone_under_desk_2_laptop
38.45,6.0,head,both,25.0,5.0,,0.4,0,0,3,3,3,3,23.45,suspicious_phone_under_desk_2_laptop
38.45,6.0,head,yaw_only,30.0,5.0,,0.4,0,0,3,3,3,3,23.45,suspicious_phone_under_desk_2_laptop
38.45,6.0,head,both,30.0,5.0,,0.4,0,0,3,3,3,3,23.45,suspicious_phone_under_desk_2_laptop
38.45,6.0,head,yaw_only,99.0,5.0,,0.4,0,0,3,3,3,3,23.45,suspicious_phone_under_desk_2_laptop
38.45,6.0,head,both,99.0,5.0,,0.4,0,0,3,3,3,3,23.45,suspicious_phone_under_desk_2_laptop
38.45,8.0,head,yaw_only,20.0,5.0,,0.4,0,0,3,3,3,3,23.45,suspicious_phone_under_desk_2_laptop
38.45,8.0,head,both,20.0,5.0,,0.4,0,0,3,3,3,3,23.45,suspicious_phone_under_desk_2_laptop
38.45,8.0,head,yaw_only,25.0,5.0,,0.4,0,0,3,3,3,3,23.45,suspicious_phone_under_desk_2_laptop
38.45,8.0,head,both,25.0,5.0,,0.4,0,0,3,3,3,3,23.45,suspicious_phone_under_desk_2_laptop
38.45,8.0,head,yaw_only,30.0,5.0,,0.4,0,0,3,3,3,3,23.45,suspicious_phone_under_desk_2_laptop
38.45,8.0,head,both,30.0,5.0,,0.4,0,0,3,3,3,3,23.45,suspicious_phone_under_desk_2_laptop
38.45,8.0,head,yaw_only,99.0,5.0,,0.4,0,0,3,3,3,3,23.45,suspicious_phone_under_desk_2_laptop
38.45,8.0,head,both,99.0,5.0,,0.4,0,0,3,3,3,3,23.45,suspicious_phone_under_desk_2_laptop
38.45,12.0,head,yaw_only,20.0,5.0,,0.4,0,0,3,3,3,3,23.45,suspicious_phone_under_desk_2_laptop
38.45,12.0,head,both,20.0,5.0,,0.4,0,0,3,3,3,3,23.45,suspicious_phone_under_desk_2_laptop
38.45,12.0,head,yaw_only,25.0,5.0,,0.4,0,0,3,3,3,3,23.45,suspicious_phone_under_desk_2_laptop
38.45,12.0,head,both,25.0,5.0,,0.4,0,0,3,3,3,3,23.45,suspicious_phone_under_desk_2_laptop
38.45,12.0,head,yaw_only,30.0,5.0,,0.4,0,0,3,3,3,3,23.45,suspicious_phone_under_desk_2_laptop
38.45,12.0,head,both,30.0,5.0,,0.4,0,0,3,3,3,3,23.45,suspicious_phone_under_desk_2_laptop
38.45,12.0,head,yaw_only,99.0,5.0,,0.4,0,0,3,3,3,3,23.45,suspicious_phone_under_desk_2_laptop
38.45,12.0,head,both,99.0,5.0,,0.4,0,0,3,3,3,3,23.45,suspicious_phone_under_desk_2_laptop
38.24,4.0,gaze,yaw_only,20.0,15.0,,0.4,0,0,0,3,2,3,18.24,suspicious_other_screen_2_laptop
38.24,4.0,gaze,both,20.0,15.0,,0.4,0,0,0,3,2,3,18.24,suspicious_other_screen_2_laptop
38.24,4.0,gaze,yaw_only,25.0,15.0,,0.4,0,0,0,3,2,3,18.24,suspicious_other_screen_2_laptop
38.24,4.0,gaze,both,25.0,15.0,,0.4,0,0,0,3,2,3,18.24,suspicious_other_screen_2_laptop
38.24,4.0,gaze,yaw_only,30.0,15.0,,0.4,0,0,0,3,2,3,18.24,suspicious_other_screen_2_laptop
38.24,4.0,gaze,both,30.0,15.0,,0.4,0,0,0,3,2,3,18.24,suspicious_other_screen_2_laptop
38.24,4.0,gaze,yaw_only,99.0,15.0,,0.4,0,0,0,3,2,3,18.24,suspicious_other_screen_2_laptop
38.24,4.0,gaze,both,99.0,15.0,,0.4,0,0,0,3,2,3,18.24,suspicious_other_screen_2_laptop
38.24,6.0,gaze,yaw_only,20.0,15.0,,0.4,0,0,0,3,2,3,18.24,suspicious_other_screen_2_laptop
38.24,6.0,gaze,both,20.0,15.0,,0.4,0,0,0,3,2,3,18.24,suspicious_other_screen_2_laptop
38.24,6.0,gaze,yaw_only,25.0,15.0,,0.4,0,0,0,3,2,3,18.24,suspicious_other_screen_2_laptop
38.24,6.0,gaze,both,25.0,15.0,,0.4,0,0,0,3,2,3,18.24,suspicious_other_screen_2_laptop
38.24,6.0,gaze,yaw_only,30.0,15.0,,0.4,0,0,0,3,2,3,18.24,suspicious_other_screen_2_laptop
38.24,6.0,gaze,both,30.0,15.0,,0.4,0,0,0,3,2,3,18.24,suspicious_other_screen_2_laptop
38.24,6.0,gaze,yaw_only,99.0,15.0,,0.4,0,0,0,3,2,3,18.24,suspicious_other_screen_2_laptop
38.24,6.0,gaze,both,99.0,15.0,,0.4,0,0,0,3,2,3,18.24,suspicious_other_screen_2_laptop
38.24,8.0,gaze,yaw_only,20.0,15.0,,0.4,0,0,0,3,2,3,18.24,suspicious_other_screen_2_laptop
38.24,8.0,gaze,both,20.0,15.0,,0.4,0,0,0,3,2,3,18.24,suspicious_other_screen_2_laptop
38.24,8.0,gaze,yaw_only,25.0,15.0,,0.4,0,0,0,3,2,3,18.24,suspicious_other_screen_2_laptop
38.24,8.0,gaze,both,25.0,15.0,,0.4,0,0,0,3,2,3,18.24,suspicious_other_screen_2_laptop
38.24,8.0,gaze,yaw_only,30.0,15.0,,0.4,0,0,0,3,2,3,18.24,suspicious_other_screen_2_laptop
38.24,8.0,gaze,both,30.0,15.0,,0.4,0,0,0,3,2,3,18.24,suspicious_other_screen_2_laptop
38.24,8.0,gaze,yaw_only,99.0,15.0,,0.4,0,0,0,3,2,3,18.24,suspicious_other_screen_2_laptop
38.24,8.0,gaze,both,99.0,15.0,,0.4,0,0,0,3,2,3,18.24,suspicious_other_screen_2_laptop
38.17,4.0,head,yaw_only,20.0,8.0,,0.4,0,0,3,3,3,3,23.17,suspicious_phone_under_desk_2_laptop
38.17,4.0,head,both,20.0,8.0,,0.4,0,0,3,3,3,3,23.17,suspicious_phone_under_desk_2_laptop
38.17,4.0,head,yaw_only,25.0,8.0,,0.4,0,0,3,3,3,3,23.17,suspicious_phone_under_desk_2_laptop
38.17,4.0,head,both,25.0,8.0,,0.4,0,0,3,3,3,3,23.17,suspicious_phone_under_desk_2_laptop
38.17,4.0,head,yaw_only,30.0,8.0,,0.4,0,0,3,3,3,3,23.17,suspicious_phone_under_desk_2_laptop
38.17,4.0,head,both,30.0,8.0,,0.4,0,0,3,3,3,3,23.17,suspicious_phone_under_desk_2_laptop
38.17,4.0,head,yaw_only,99.0,8.0,,0.4,0,0,3,3,3,3,23.17,suspicious_phone_under_desk_2_laptop
38.17,4.0,head,both,99.0,8.0,,0.4,0,0,3,3,3,3,23.17,suspicious_phone_under_desk_2_laptop
38.17,6.0,head,yaw_only,20.0,8.0,,0.4,0,0,3,3,3,3,23.17,suspicious_phone_under_desk_2_laptop
38.17,6.0,head,both,20.0,8.0,,0.4,0,0,3,3,3,3,23.17,suspicious_phone_under_desk_2_laptop
38.17,6.0,head,yaw_only,25.0,8.0,,0.4,0,0,3,3,3,3,23.17,suspicious_phone_under_desk_2_laptop
38.17,6.0,head,both,25.0,8.0,,0.4,0,0,3,3,3,3,23.17,suspicious_phone_under_desk_2_laptop
38.17,6.0,head,yaw_only,30.0,8.0,,0.4,0,0,3,3,3,3,23.17,suspicious_phone_under_desk_2_laptop
38.17,6.0,head,both,30.0,8.0,,0.4,0,0,3,3,3,3,23.17,suspicious_phone_under_desk_2_laptop
38.17,6.0,head,yaw_only,99.0,8.0,,0.4,0,0,3,3,3,3,23.17,suspicious_phone_under_desk_2_laptop
38.17,6.0,head,both,99.0,8.0,,0.4,0,0,3,3,3,3,23.17,suspicious_phone_under_desk_2_laptop
38.17,8.0,head,yaw_only,20.0,8.0,,0.4,0,0,3,3,3,3,23.17,suspicious_phone_under_desk_2_laptop
38.17,8.0,head,both,20.0,8.0,,0.4,0,0,3,3,3,3,23.17,suspicious_phone_under_desk_2_laptop
38.17,8.0,head,yaw_only,25.0,8.0,,0.4,0,0,3,3,3,3,23.17,suspicious_phone_under_desk_2_laptop
38.17,8.0,head,both,25.0,8.0,,0.4,0,0,3,3,3,3,23.17,suspicious_phone_under_desk_2_laptop
38.17,8.0,head,yaw_only,30.0,8.0,,0.4,0,0,3,3,3,3,23.17,suspicious_phone_under_desk_2_laptop
38.17,8.0,head,both,30.0,8.0,,0.4,0,0,3,3,3,3,23.17,suspicious_phone_under_desk_2_laptop
38.17,8.0,head,yaw_only,99.0,8.0,,0.4,0,0,3,3,3,3,23.17,suspicious_phone_under_desk_2_laptop
38.17,8.0,head,both,99.0,8.0,,0.4,0,0,3,3,3,3,23.17,suspicious_phone_under_desk_2_laptop
38.07,4.0,gaze,yaw_only,20.0,8.0,,0.4,0,0,3,3,3,3,23.07,suspicious_other_screen_2_laptop
38.07,4.0,gaze,both,20.0,8.0,,0.4,0,0,3,3,3,3,23.07,suspicious_other_screen_2_laptop
38.07,4.0,gaze,yaw_only,25.0,8.0,,0.4,0,0,3,3,3,3,23.07,suspicious_other_screen_2_laptop
38.07,4.0,gaze,both,25.0,8.0,,0.4,0,0,3,3,3,3,23.07,suspicious_other_screen_2_laptop
38.07,4.0,gaze,yaw_only,30.0,8.0,,0.4,0,0,3,3,3,3,23.07,suspicious_other_screen_2_laptop
38.07,4.0,gaze,both,30.0,8.0,,0.4,0,0,3,3,3,3,23.07,suspicious_other_screen_2_laptop
38.07,4.0,gaze,yaw_only,99.0,8.0,,0.4,0,0,3,3,3,3,23.07,suspicious_other_screen_2_laptop
38.07,4.0,gaze,both,99.0,8.0,,0.4,0,0,3,3,3,3,23.07,suspicious_other_screen_2_laptop
38.07,6.0,gaze,yaw_only,20.0,8.0,,0.4,0,0,3,3,3,3,23.07,suspicious_other_screen_2_laptop
38.07,6.0,gaze,both,20.0,8.0,,0.4,0,0,3,3,3,3,23.07,suspicious_other_screen_2_laptop
38.07,6.0,gaze,yaw_only,25.0,8.0,,0.4,0,0,3,3,3,3,23.07,suspicious_other_screen_2_laptop
38.07,6.0,gaze,both,25.0,8.0,,0.4,0,0,3,3,3,3,23.07,suspicious_other_screen_2_laptop
38.07,6.0,gaze,yaw_only,30.0,8.0,,0.4,0,0,3,3,3,3,23.07,suspicious_other_screen_2_laptop
38.07,6.0,gaze,both,30.0,8.0,,0.4,0,0,3,3,3,3,23.07,suspicious_other_screen_2_laptop
38.07,6.0,gaze,yaw_only,99.0,8.0,,0.4,0,0,3,3,3,3,23.07,suspicious_other_screen_2_laptop
38.07,6.0,gaze,both,99.0,8.0,,0.4,0,0,3,3,3,3,23.07,suspicious_other_screen_2_laptop
38.07,8.0,gaze,yaw_only,20.0,8.0,,0.4,0,0,3,3,3,3,23.07,suspicious_other_screen_2_laptop
38.07,8.0,gaze,both,20.0,8.0,,0.4,0,0,3,3,3,3,23.07,suspicious_other_screen_2_laptop
38.07,8.0,gaze,yaw_only,25.0,8.0,,0.4,0,0,3,3,3,3,23.07,suspicious_other_screen_2_laptop
38.07,8.0,gaze,both,25.0,8.0,,0.4,0,0,3,3,3,3,23.07,suspicious_other_screen_2_laptop
38.07,8.0,gaze,yaw_only,30.0,8.0,,0.4,0,0,3,3,3,3,23.07,suspicious_other_screen_2_laptop
38.07,8.0,gaze,both,30.0,8.0,,0.4,0,0,3,3,3,3,23.07,suspicious_other_screen_2_laptop
38.07,8.0,gaze,yaw_only,99.0,8.0,,0.4,0,0,3,3,3,3,23.07,suspicious_other_screen_2_laptop
38.07,8.0,gaze,both,99.0,8.0,,0.4,0,0,3,3,3,3,23.07,suspicious_other_screen_2_laptop
37.98,4.0,head,yaw_only,20.0,10.0,,0.4,0,0,3,3,3,3,22.98,suspicious_other_screen_2_laptop
37.98,4.0,head,both,20.0,10.0,,0.4,0,0,3,3,3,3,22.98,suspicious_other_screen_2_laptop
37.98,4.0,head,yaw_only,25.0,10.0,,0.4,0,0,3,3,3,3,22.98,suspicious_other_screen_2_laptop
37.98,4.0,head,both,25.0,10.0,,0.4,0,0,3,3,3,3,22.98,suspicious_other_screen_2_laptop
37.98,4.0,head,yaw_only,30.0,10.0,,0.4,0,0,3,3,3,3,22.98,suspicious_other_screen_2_laptop
37.98,4.0,head,both,30.0,10.0,,0.4,0,0,3,3,3,3,22.98,suspicious_other_screen_2_laptop
37.98,4.0,head,yaw_only,99.0,10.0,,0.4,0,0,3,3,3,3,22.98,suspicious_other_screen_2_laptop
37.98,4.0,head,both,99.0,10.0,,0.4,0,0,3,3,3,3,22.98,suspicious_other_screen_2_laptop
37.98,6.0,head,yaw_only,20.0,10.0,,0.4,0,0,3,3,3,3,22.98,suspicious_other_screen_2_laptop
37.98,6.0,head,both,20.0,10.0,,0.4,0,0,3,3,3,3,22.98,suspicious_other_screen_2_laptop
37.98,6.0,head,yaw_only,25.0,10.0,,0.4,0,0,3,3,3,3,22.98,suspicious_other_screen_2_laptop
37.98,6.0,head,both,25.0,10.0,,0.4,0,0,3,3,3,3,22.98,suspicious_other_screen_2_laptop
37.98,6.0,head,yaw_only,30.0,10.0,,0.4,0,0,3,3,3,3,22.98,suspicious_other_screen_2_laptop
37.98,6.0,head,both,30.0,10.0,,0.4,0,0,3,3,3,3,22.98,suspicious_other_screen_2_laptop
37.98,6.0,head,yaw_only,99.0,10.0,,0.4,0,0,3,3,3,3,22.98,suspicious_other_screen_2_laptop
37.98,6.0,head,both,99.0,10.0,,0.4,0,0,3,3,3,3,22.98,suspicious_other_screen_2_laptop
37.98,8.0,head,yaw_only,20.0,10.0,,0.4,0,0,3,3,3,3,22.98,suspicious_other_screen_2_laptop
37.98,8.0,head,both,20.0,10.0,,0.4,0,0,3,3,3,3,22.98,suspicious_other_screen_2_laptop
37.98,8.0,head,yaw_only,25.0,10.0,,0.4,0,0,3,3,3,3,22.98,suspicious_other_screen_2_laptop
37.98,8.0,head,both,25.0,10.0,,0.4,0,0,3,3,3,3,22.98,suspicious_other_screen_2_laptop
37.98,8.0,head,yaw_only,30.0,10.0,,0.4,0,0,3,3,3,3,22.98,suspicious_other_screen_2_laptop
37.98,8.0,head,both,30.0,10.0,,0.4,0,0,3,3,3,3,22.98,suspicious_other_screen_2_laptop
37.98,8.0,head,yaw_only,99.0,10.0,,0.4,0,0,3,3,3,3,22.98,suspicious_other_screen_2_laptop
37.98,8.0,head,both,99.0,10.0,,0.4,0,0,3,3,3,3,22.98,suspicious_other_screen_2_laptop
37.81,4.0,eye,both,10.0,3.0,,0.4,0,0,0,3,3,3,7.81,suspicious_other_screen_2_laptop
37.39,4.0,head,yaw_only,20.0,15.0,,0.4,0,0,0,3,2,3,17.39,suspicious_other_screen_2_laptop
37.39,4.0,head,both,20.0,15.0,,0.4,0,0,0,3,2,3,17.39,suspicious_other_screen_2_laptop
37.39,4.0,head,yaw_only,25.0,15.0,,0.4,0,0,0,3,2,3,17.39,suspicious_other_screen_2_laptop
37.39,4.0,head,both,25.0,15.0,,0.4,0,0,0,3,2,3,17.39,suspicious_other_screen_2_laptop
37.39,4.0,head,yaw_only,30.0,15.0,,0.4,0,0,0,3,2,3,17.39,suspicious_other_screen_2_laptop
37.39,4.0,head,both,30.0,15.0,,0.4,0,0,0,3,2,3,17.39,suspicious_other_screen_2_laptop
37.39,4.0,head,yaw_only,99.0,15.0,,0.4,0,0,0,3,2,3,17.39,suspicious_other_screen_2_laptop
37.39,4.0,head,both,99.0,15.0,,0.4,0,0,0,3,2,3,17.39,suspicious_other_screen_2_laptop
37.39,6.0,head,yaw_only,20.0,15.0,,0.4,0,0,0,3,2,3,17.39,suspicious_other_screen_2_laptop
37.39,6.0,head,both,20.0,15.0,,0.4,0,0,0,3,2,3,17.39,suspicious_other_screen_2_laptop
37.39,6.0,head,yaw_only,25.0,15.0,,0.4,0,0,0,3,2,3,17.39,suspicious_other_screen_2_laptop
37.39,6.0,head,both,25.0,15.0,,0.4,0,0,0,3,2,3,17.39,suspicious_other_screen_2_laptop
37.39,6.0,head,yaw_only,30.0,15.0,,0.4,0,0,0,3,2,3,17.39,suspicious_other_screen_2_laptop
37.39,6.0,head,both,30.0,15.0,,0.4,0,0,0,3,2,3,17.39,suspicious_other_screen_2_laptop
37.39,6.0,head,yaw_only,99.0,15.0,,0.4,0,0,0,3,2,3,17.39,suspicious_other_screen_2_laptop
37.39,6.0,head,both,99.0,15.0,,0.4,0,0,0,3,2,3,17.39,suspicious_other_screen_2_laptop
37.39,8.0,head,yaw_only,20.0,15.0,,0.4,0,0,0,3,2,3,17.39,suspicious_other_screen_2_laptop
37.39,8.0,head,both,20.0,15.0,,0.4,0,0,0,3,2,3,17.39,suspicious_other_screen_2_laptop
37.39,8.0,head,yaw_only,25.0,15.0,,0.4,0,0,0,3,2,3,17.39,suspicious_other_screen_2_laptop
37.39,8.0,head,both,25.0,15.0,,0.4,0,0,0,3,2,3,17.39,suspicious_other_screen_2_laptop
37.39,8.0,head,yaw_only,30.0,15.0,,0.4,0,0,0,3,2,3,17.39,suspicious_other_screen_2_laptop
37.39,8.0,head,both,30.0,15.0,,0.4,0,0,0,3,2,3,17.39,suspicious_other_screen_2_laptop
37.39,8.0,head,yaw_only,99.0,15.0,,0.4,0,0,0,3,2,3,17.39,suspicious_other_screen_2_laptop
37.39,8.0,head,both,99.0,15.0,,0.4,0,0,0,3,2,3,17.39,suspicious_other_screen_2_laptop
36.30,4.0,gaze,yaw_only,20.0,10.0,,0.4,0,0,3,3,3,3,21.30,suspicious_other_screen_2_laptop
36.30,4.0,gaze,both,20.0,10.0,,0.4,0,0,3,3,3,3,21.30,suspicious_other_screen_2_laptop
36.30,4.0,gaze,yaw_only,25.0,10.0,,0.4,0,0,3,3,3,3,21.30,suspicious_other_screen_2_laptop
36.30,4.0,gaze,both,25.0,10.0,,0.4,0,0,3,3,3,3,21.30,suspicious_other_screen_2_laptop
36.30,4.0,gaze,yaw_only,30.0,10.0,,0.4,0,0,3,3,3,3,21.30,suspicious_other_screen_2_laptop
36.30,4.0,gaze,both,30.0,10.0,,0.4,0,0,3,3,3,3,21.30,suspicious_other_screen_2_laptop
36.30,4.0,gaze,yaw_only,99.0,10.0,,0.4,0,0,3,3,3,3,21.30,suspicious_other_screen_2_laptop
36.30,4.0,gaze,both,99.0,10.0,,0.4,0,0,3,3,3,3,21.30,suspicious_other_screen_2_laptop
36.30,6.0,gaze,yaw_only,20.0,10.0,,0.4,0,0,3,3,3,3,21.30,suspicious_other_screen_2_laptop
36.30,6.0,gaze,both,20.0,10.0,,0.4,0,0,3,3,3,3,21.30,suspicious_other_screen_2_laptop
36.30,6.0,gaze,yaw_only,25.0,10.0,,0.4,0,0,3,3,3,3,21.30,suspicious_other_screen_2_laptop
36.30,6.0,gaze,both,25.0,10.0,,0.4,0,0,3,3,3,3,21.30,suspicious_other_screen_2_laptop
36.30,6.0,gaze,yaw_only,30.0,10.0,,0.4,0,0,3,3,3,3,21.30,suspicious_other_screen_2_laptop
36.30,6.0,gaze,both,30.0,10.0,,0.4,0,0,3,3,3,3,21.30,suspicious_other_screen_2_laptop
36.30,6.0,gaze,yaw_only,99.0,10.0,,0.4,0,0,3,3,3,3,21.30,suspicious_other_screen_2_laptop
36.30,6.0,gaze,both,99.0,10.0,,0.4,0,0,3,3,3,3,21.30,suspicious_other_screen_2_laptop
34.29,12.0,gaze,yaw_only,20.0,5.0,,0.4,0,0,2,3,2,3,24.29,suspicious_phone_under_desk_2_laptop
34.29,12.0,gaze,both,20.0,5.0,,0.4,0,0,2,3,2,3,24.29,suspicious_phone_under_desk_2_laptop
34.29,12.0,gaze,yaw_only,25.0,5.0,,0.4,0,0,2,3,2,3,24.29,suspicious_phone_under_desk_2_laptop
34.29,12.0,gaze,both,25.0,5.0,,0.4,0,0,2,3,2,3,24.29,suspicious_phone_under_desk_2_laptop
34.29,12.0,gaze,yaw_only,30.0,5.0,,0.4,0,0,2,3,2,3,24.29,suspicious_phone_under_desk_2_laptop
34.29,12.0,gaze,both,30.0,5.0,,0.4,0,0,2,3,2,3,24.29,suspicious_phone_under_desk_2_laptop
34.29,12.0,gaze,yaw_only,99.0,5.0,,0.4,0,0,2,3,2,3,24.29,suspicious_phone_under_desk_2_laptop
34.29,12.0,gaze,both,99.0,5.0,,0.4,0,0,2,3,2,3,24.29,suspicious_phone_under_desk_2_laptop
33.56,4.0,eye,both,10.0,2.0,,0.4,0,0,1,3,3,3,8.56,suspicious_other_screen_2_laptop
33.33,4.0,head,yaw_only,20.0,12.0,,0.4,0,0,1,3,2,3,18.33,suspicious_other_screen_2_laptop
33.33,4.0,head,both,20.0,12.0,,0.4,0,0,1,3,2,3,18.33,suspicious_other_screen_2_laptop
33.33,4.0,head,yaw_only,25.0,12.0,,0.4,0,0,1,3,2,3,18.33,suspicious_other_screen_2_laptop
33.33,4.0,head,both,25.0,12.0,,0.4,0,0,1,3,2,3,18.33,suspicious_other_screen_2_laptop
33.33,4.0,head,yaw_only,30.0,12.0,,0.4,0,0,1,3,2,3,18.33,suspicious_other_screen_2_laptop
33.33,4.0,head,both,30.0,12.0,,0.4,0,0,1,3,2,3,18.33,suspicious_other_screen_2_laptop
33.33,4.0,head,yaw_only,99.0,12.0,,0.4,0,0,1,3,2,3,18.33,suspicious_other_screen_2_laptop
33.33,4.0,head,both,99.0,12.0,,0.4,0,0,1,3,2,3,18.33,suspicious_other_screen_2_laptop
33.33,6.0,head,yaw_only,20.0,12.0,,0.4,0,0,1,3,2,3,18.33,suspicious_other_screen_2_laptop
33.33,6.0,head,both,20.0,12.0,,0.4,0,0,1,3,2,3,18.33,suspicious_other_screen_2_laptop
33.33,6.0,head,yaw_only,25.0,12.0,,0.4,0,0,1,3,2,3,18.33,suspicious_other_screen_2_laptop
33.33,6.0,head,both,25.0,12.0,,0.4,0,0,1,3,2,3,18.33,suspicious_other_screen_2_laptop
33.33,6.0,head,yaw_only,30.0,12.0,,0.4,0,0,1,3,2,3,18.33,suspicious_other_screen_2_laptop
33.33,6.0,head,both,30.0,12.0,,0.4,0,0,1,3,2,3,18.33,suspicious_other_screen_2_laptop
33.33,6.0,head,yaw_only,99.0,12.0,,0.4,0,0,1,3,2,3,18.33,suspicious_other_screen_2_laptop
33.33,6.0,head,both,99.0,12.0,,0.4,0,0,1,3,2,3,18.33,suspicious_other_screen_2_laptop
33.33,8.0,head,yaw_only,20.0,12.0,,0.4,0,0,1,3,2,3,18.33,suspicious_other_screen_2_laptop
33.33,8.0,head,both,20.0,12.0,,0.4,0,0,1,3,2,3,18.33,suspicious_other_screen_2_laptop
33.33,8.0,head,yaw_only,25.0,12.0,,0.4,0,0,1,3,2,3,18.33,suspicious_other_screen_2_laptop
33.33,8.0,head,both,25.0,12.0,,0.4,0,0,1,3,2,3,18.33,suspicious_other_screen_2_laptop
33.33,8.0,head,yaw_only,30.0,12.0,,0.4,0,0,1,3,2,3,18.33,suspicious_other_screen_2_laptop
33.33,8.0,head,both,30.0,12.0,,0.4,0,0,1,3,2,3,18.33,suspicious_other_screen_2_laptop
33.33,8.0,head,yaw_only,99.0,12.0,,0.4,0,0,1,3,2,3,18.33,suspicious_other_screen_2_laptop
33.33,8.0,head,both,99.0,12.0,,0.4,0,0,1,3,2,3,18.33,suspicious_other_screen_2_laptop
33.17,12.0,head,yaw_only,20.0,8.0,,0.4,0,0,2,3,2,3,23.17,suspicious_phone_under_desk_2_laptop
33.17,12.0,head,both,20.0,8.0,,0.4,0,0,2,3,2,3,23.17,suspicious_phone_under_desk_2_laptop
33.17,12.0,head,yaw_only,25.0,8.0,,0.4,0,0,2,3,2,3,23.17,suspicious_phone_under_desk_2_laptop
33.17,12.0,head,both,25.0,8.0,,0.4,0,0,2,3,2,3,23.17,suspicious_phone_under_desk_2_laptop
33.17,12.0,head,yaw_only,30.0,8.0,,0.4,0,0,2,3,2,3,23.17,suspicious_phone_under_desk_2_laptop
33.17,12.0,head,both,30.0,8.0,,0.4,0,0,2,3,2,3,23.17,suspicious_phone_under_desk_2_laptop
33.17,12.0,head,yaw_only,99.0,8.0,,0.4,0,0,2,3,2,3,23.17,suspicious_phone_under_desk_2_laptop
33.17,12.0,head,both,99.0,8.0,,0.4,0,0,2,3,2,3,23.17,suspicious_phone_under_desk_2_laptop
33.07,12.0,gaze,yaw_only,20.0,8.0,,0.4,0,0,2,3,2,3,23.07,suspicious_other_screen_2_laptop
33.07,12.0,gaze,both,20.0,8.0,,0.4,0,0,2,3,2,3,23.07,suspicious_other_screen_2_laptop
33.07,12.0,gaze,yaw_only,25.0,8.0,,0.4,0,0,2,3,2,3,23.07,suspicious_other_screen_2_laptop
33.07,12.0,gaze,both,25.0,8.0,,0.4,0,0,2,3,2,3,23.07,suspicious_other_screen_2_laptop
33.07,12.0,gaze,yaw_only,30.0,8.0,,0.4,0,0,2,3,2,3,23.07,suspicious_other_screen_2_laptop
33.07,12.0,gaze,both,30.0,8.0,,0.4,0,0,2,3,2,3,23.07,suspicious_other_screen_2_laptop
33.07,12.0,gaze,yaw_only,99.0,8.0,,0.4,0,0,2,3,2,3,23.07,suspicious_other_screen_2_laptop
33.07,12.0,gaze,both,99.0,8.0,,0.4,0,0,2,3,2,3,23.07,suspicious_other_screen_2_laptop
32.98,12.0,head,yaw_only,20.0,10.0,,0.4,0,0,2,3,2,3,22.98,suspicious_other_screen_2_laptop
32.98,12.0,head,both,20.0,10.0,,0.4,0,0,2,3,2,3,22.98,suspicious_other_screen_2_laptop
32.98,12.0,head,yaw_only,25.0,10.0,,0.4,0,0,2,3,2,3,22.98,suspicious_other_screen_2_laptop
32.98,12.0,head,both,25.0,10.0,,0.4,0,0,2,3,2,3,22.98,suspicious_other_screen_2_laptop
32.98,12.0,head,yaw_only,30.0,10.0,,0.4,0,0,2,3,2,3,22.98,suspicious_other_screen_2_laptop
32.98,12.0,head,both,30.0,10.0,,0.4,0,0,2,3,2,3,22.98,suspicious_other_screen_2_laptop
32.98,12.0,head,yaw_only,99.0,10.0,,0.4,0,0,2,3,2,3,22.98,suspicious_other_screen_2_laptop
32.98,12.0,head,both,99.0,10.0,,0.4,0,0,2,3,2,3,22.98,suspicious_other_screen_2_laptop
32.75,4.0,iris,both,99.0,99.0,0.06,0.4,0,0,2,3,3,3,12.75,suspicious_other_screen_2_laptop
32.75,6.0,iris,both,99.0,99.0,0.06,0.4,0,0,2,3,3,3,12.75,suspicious_other_screen_2_laptop
32.75,8.0,iris,both,99.0,99.0,0.06,0.4,0,0,2,3,3,3,12.75,suspicious_other_screen_2_laptop
31.30,8.0,gaze,yaw_only,20.0,10.0,,0.4,0,0,2,3,2,3,21.30,suspicious_other_screen_2_laptop
31.30,8.0,gaze,both,20.0,10.0,,0.4,0,0,2,3,2,3,21.30,suspicious_other_screen_2_laptop
31.30,8.0,gaze,yaw_only,25.0,10.0,,0.4,0,0,2,3,2,3,21.30,suspicious_other_screen_2_laptop
31.30,8.0,gaze,both,25.0,10.0,,0.4,0,0,2,3,2,3,21.30,suspicious_other_screen_2_laptop
31.30,8.0,gaze,yaw_only,30.0,10.0,,0.4,0,0,2,3,2,3,21.30,suspicious_other_screen_2_laptop
31.30,8.0,gaze,both,30.0,10.0,,0.4,0,0,2,3,2,3,21.30,suspicious_other_screen_2_laptop
31.30,8.0,gaze,yaw_only,99.0,10.0,,0.4,0,0,2,3,2,3,21.30,suspicious_other_screen_2_laptop
31.30,8.0,gaze,both,99.0,10.0,,0.4,0,0,2,3,2,3,21.30,suspicious_other_screen_2_laptop
28.56,6.0,eye,yaw_only,99.0,2.0,,0.4,0,0,0,3,2,3,8.56,suspicious_other_screen_2_laptop
28.56,6.0,eye,both,99.0,2.0,,0.4,0,0,0,3,2,3,8.56,suspicious_other_screen_2_laptop
28.56,6.0,eye,yaw_only,15.0,2.0,,0.4,0,0,0,3,2,3,8.56,suspicious_other_screen_2_laptop
28.56,6.0,eye,both,15.0,2.0,,0.4,0,0,0,3,2,3,8.56,suspicious_other_screen_2_laptop
28.56,6.0,eye,yaw_only,10.0,2.0,,0.4,0,0,0,3,2,3,8.56,suspicious_other_screen_2_laptop
28.56,6.0,eye,both,10.0,2.0,,0.4,0,0,0,3,2,3,8.56,suspicious_other_screen_2_laptop
28.56,8.0,eye,yaw_only,99.0,2.0,,0.4,0,0,0,3,2,3,8.56,suspicious_other_screen_2_laptop
28.56,8.0,eye,both,99.0,2.0,,0.4,0,0,0,3,2,3,8.56,suspicious_other_screen_2_laptop
28.56,8.0,eye,yaw_only,15.0,2.0,,0.4,0,0,0,3,2,3,8.56,suspicious_other_screen_2_laptop
28.56,8.0,eye,both,15.0,2.0,,0.4,0,0,0,3,2,3,8.56,suspicious_other_screen_2_laptop
28.56,8.0,eye,yaw_only,10.0,2.0,,0.4,0,0,0,3,2,3,8.56,suspicious_other_screen_2_laptop
28.56,8.0,eye,both,10.0,2.0,,0.4,0,0,0,3,2,3,8.56,suspicious_other_screen_2_laptop
28.37,4.0,iris,both,99.0,99.0,0.08,0.4,0,0,0,3,2,3,8.37,suspicious_phone_under_desk_2_laptop
28.37,6.0,iris,both,99.0,99.0,0.08,0.4,0,0,0,3,2,3,8.37,suspicious_phone_under_desk_2_laptop
28.33,4.0,gaze,yaw_only,20.0,12.0,,0.4,0,0,2,3,2,3,18.33,suspicious_other_screen_2_laptop
28.33,4.0,gaze,both,20.0,12.0,,0.4,0,0,2,3,2,3,18.33,suspicious_other_screen_2_laptop
28.33,4.0,gaze,yaw_only,25.0,12.0,,0.4,0,0,2,3,2,3,18.33,suspicious_other_screen_2_laptop
28.33,4.0,gaze,both,25.0,12.0,,0.4,0,0,2,3,2,3,18.33,suspicious_other_screen_2_laptop
28.33,4.0,gaze,yaw_only,30.0,12.0,,0.4,0,0,2,3,2,3,18.33,suspicious_other_screen_2_laptop
28.33,4.0,gaze,both,30.0,12.0,,0.4,0,0,2,3,2,3,18.33,suspicious_other_screen_2_laptop
28.33,4.0,gaze,yaw_only,99.0,12.0,,0.4,0,0,2,3,2,3,18.33,suspicious_other_screen_2_laptop
28.33,4.0,gaze,both,99.0,12.0,,0.4,0,0,2,3,2,3,18.33,suspicious_other_screen_2_laptop
28.33,6.0,gaze,yaw_only,20.0,12.0,,0.4,0,0,2,3,2,3,18.33,suspicious_other_screen_2_laptop
28.33,6.0,gaze,both,20.0,12.0,,0.4,0,0,2,3,2,3,18.33,suspicious_other_screen_2_laptop
28.33,6.0,gaze,yaw_only,25.0,12.0,,0.4,0,0,2,3,2,3,18.33,suspicious_other_screen_2_laptop
28.33,6.0,gaze,both,25.0,12.0,,0.4,0,0,2,3,2,3,18.33,suspicious_other_screen_2_laptop
28.33,6.0,gaze,yaw_only,30.0,12.0,,0.4,0,0,2,3,2,3,18.33,suspicious_other_screen_2_laptop
28.33,6.0,gaze,both,30.0,12.0,,0.4,0,0,2,3,2,3,18.33,suspicious_other_screen_2_laptop
28.33,6.0,gaze,yaw_only,99.0,12.0,,0.4,0,0,2,3,2,3,18.33,suspicious_other_screen_2_laptop
28.33,6.0,gaze,both,99.0,12.0,,0.4,0,0,2,3,2,3,18.33,suspicious_other_screen_2_laptop
28.33,8.0,gaze,yaw_only,20.0,12.0,,0.4,0,0,2,3,2,3,18.33,suspicious_other_screen_2_laptop
28.33,8.0,gaze,both,20.0,12.0,,0.4,0,0,2,3,2,3,18.33,suspicious_other_screen_2_laptop
28.33,8.0,gaze,yaw_only,25.0,12.0,,0.4,0,0,2,3,2,3,18.33,suspicious_other_screen_2_laptop
28.33,8.0,gaze,both,25.0,12.0,,0.4,0,0,2,3,2,3,18.33,suspicious_other_screen_2_laptop
28.33,8.0,gaze,yaw_only,30.0,12.0,,0.4,0,0,2,3,2,3,18.33,suspicious_other_screen_2_laptop
28.33,8.0,gaze,both,30.0,12.0,,0.4,0,0,2,3,2,3,18.33,suspicious_other_screen_2_laptop
28.33,8.0,gaze,yaw_only,99.0,12.0,,0.4,0,0,2,3,2,3,18.33,suspicious_other_screen_2_laptop
28.33,8.0,gaze,both,99.0,12.0,,0.4,0,0,2,3,2,3,18.33,suspicious_other_screen_2_laptop
28.33,12.0,head,yaw_only,20.0,12.0,,0.4,0,0,0,3,1,3,18.33,suspicious_other_screen_2_laptop
28.33,12.0,head,both,20.0,12.0,,0.4,0,0,0,3,1,3,18.33,suspicious_other_screen_2_laptop
28.33,12.0,head,yaw_only,25.0,12.0,,0.4,0,0,0,3,1,3,18.33,suspicious_other_screen_2_laptop
28.33,12.0,head,both,25.0,12.0,,0.4,0,0,0,3,1,3,18.33,suspicious_other_screen_2_laptop
28.33,12.0,head,yaw_only,30.0,12.0,,0.4,0,0,0,3,1,3,18.33,suspicious_other_screen_2_laptop
28.33,12.0,head,both,30.0,12.0,,0.4,0,0,0,3,1,3,18.33,suspicious_other_screen_2_laptop
28.33,12.0,head,yaw_only,99.0,12.0,,0.4,0,0,0,3,1,3,18.33,suspicious_other_screen_2_laptop
28.33,12.0,head,both,99.0,12.0,,0.4,0,0,0,3,1,3,18.33,suspicious_other_screen_2_laptop
28.24,12.0,gaze,yaw_only,20.0,15.0,,0.4,0,0,0,3,1,3,18.24,suspicious_other_screen_2_laptop
28.24,12.0,gaze,both,20.0,15.0,,0.4,0,0,0,3,1,3,18.24,suspicious_other_screen_2_laptop
28.24,12.0,gaze,yaw_only,25.0,15.0,,0.4,0,0,0,3,1,3,18.24,suspicious_other_screen_2_laptop
28.24,12.0,gaze,both,25.0,15.0,,0.4,0,0,0,3,1,3,18.24,suspicious_other_screen_2_laptop
28.24,12.0,gaze,yaw_only,30.0,15.0,,0.4,0,0,0,3,1,3,18.24,suspicious_other_screen_2_laptop
28.24,12.0,gaze,both,30.0,15.0,,0.4,0,0,0,3,1,3,18.24,suspicious_other_screen_2_laptop
28.24,12.0,gaze,yaw_only,99.0,15.0,,0.4,0,0,0,3,1,3,18.24,suspicious_other_screen_2_laptop
28.24,12.0,gaze,both,99.0,15.0,,0.4,0,0,0,3,1,3,18.24,suspicious_other_screen_2_laptop
27.81,4.0,eye,yaw_only,99.0,3.0,,0.4,0,0,0,3,2,3,7.81,suspicious_other_screen_2_laptop
27.81,4.0,eye,both,99.0,3.0,,0.4,0,0,0,3,2,3,7.81,suspicious_other_screen_2_laptop
27.81,4.0,eye,yaw_only,15.0,3.0,,0.4,0,0,0,3,2,3,7.81,suspicious_other_screen_2_laptop
27.81,4.0,eye,both,15.0,3.0,,0.4,0,0,0,3,2,3,7.81,suspicious_other_screen_2_laptop
27.81,4.0,eye,yaw_only,10.0,3.0,,0.4,0,0,0,3,2,3,7.81,suspicious_other_screen_2_laptop
27.39,12.0,head,yaw_only,20.0,15.0,,0.4,0,0,0,3,1,3,17.39,suspicious_other_screen_2_laptop
27.39,12.0,head,both,20.0,15.0,,0.4,0,0,0,3,1,3,17.39,suspicious_other_screen_2_laptop
27.39,12.0,head,yaw_only,25.0,15.0,,0.4,0,0,0,3,1,3,17.39,suspicious_other_screen_2_laptop
27.39,12.0,head,both,25.0,15.0,,0.4,0,0,0,3,1,3,17.39,suspicious_other_screen_2_laptop
27.39,12.0,head,yaw_only,30.0,15.0,,0.4,0,0,0,3,1,3,17.39,suspicious_other_screen_2_laptop
27.39,12.0,head,both,30.0,15.0,,0.4,0,0,0,3,1,3,17.39,suspicious_other_screen_2_laptop
27.39,12.0,head,yaw_only,99.0,15.0,,0.4,0,0,0,3,1,3,17.39,suspicious_other_screen_2_laptop
27.39,12.0,head,both,99.0,15.0,,0.4,0,0,0,3,1,3,17.39,suspicious_other_screen_2_laptop
27.26,4.0,eye,both,10.0,4.0,,0.4,0,0,0,3,2,3,7.26,suspicious_other_screen_2_laptop
23.56,4.0,eye,yaw_only,99.0,2.0,,0.4,0,0,1,3,2,3,8.56,suspicious_other_screen_2_laptop
23.56,4.0,eye,both,99.0,2.0,,0.4,0,0,1,3,2,3,8.56,suspicious_other_screen_2_laptop
23.56,4.0,eye,yaw_only,15.0,2.0,,0.4,0,0,1,3,2,3,8.56,suspicious_other_screen_2_laptop
23.56,4.0,eye,both,15.0,2.0,,0.4,0,0,1,3,2,3,8.56,suspicious_other_screen_2_laptop
23.56,4.0,eye,yaw_only,10.0,2.0,,0.4,0,0,1,3,2,3,8.56,suspicious_other_screen_2_laptop
23.33,12.0,gaze,yaw_only,20.0,12.0,,0.4,0,0,1,3,1,3,18.33,suspicious_other_screen_2_laptop
23.33,12.0,gaze,both,20.0,12.0,,0.4,0,0,1,3,1,3,18.33,suspicious_other_screen_2_laptop
23.33,12.0,gaze,yaw_only,25.0,12.0,,0.4,0,0,1,3,1,3,18.33,suspicious_other_screen_2_laptop
23.33,12.0,gaze,both,25.0,12.0,,0.4,0,0,1,3,1,3,18.33,suspicious_other_screen_2_laptop
23.33,12.0,gaze,yaw_only,30.0,12.0,,0.4,0,0,1,3,1,3,18.33,suspicious_other_screen_2_laptop
23.33,12.0,gaze,both,30.0,12.0,,0.4,0,0,1,3,1,3,18.33,suspicious_other_screen_2_laptop
23.33,12.0,gaze,yaw_only,99.0,12.0,,0.4,0,0,1,3,1,3,18.33,suspicious_other_screen_2_laptop
23.33,12.0,gaze,both,99.0,12.0,,0.4,0,0,1,3,1,3,18.33,suspicious_other_screen_2_laptop
22.75,12.0,iris,both,99.0,99.0,0.06,0.4,0,0,0,3,1,3,12.75,suspicious_other_screen_2_laptop
21.30,12.0,gaze,yaw_only,20.0,10.0,,0.4,0,0,2,3,1,3,21.30,suspicious_other_screen_2_laptop
21.30,12.0,gaze,both,20.0,10.0,,0.4,0,0,2,3,1,3,21.30,suspicious_other_screen_2_laptop
21.30,12.0,gaze,yaw_only,25.0,10.0,,0.4,0,0,2,3,1,3,21.30,suspicious_other_screen_2_laptop
21.30,12.0,gaze,both,25.0,10.0,,0.4,0,0,2,3,1,3,21.30,suspicious_other_screen_2_laptop
21.30,12.0,gaze,yaw_only,30.0,10.0,,0.4,0,0,2,3,1,3,21.30,suspicious_other_screen_2_laptop
21.30,12.0,gaze,both,30.0,10.0,,0.4,0,0,2,3,1,3,21.30,suspicious_other_screen_2_laptop
21.30,12.0,gaze,yaw_only,99.0,10.0,,0.4,0,0,2,3,1,3,21.30,suspicious_other_screen_2_laptop
21.30,12.0,gaze,both,99.0,10.0,,0.4,0,0,2,3,1,3,21.30,suspicious_other_screen_2_laptop
18.37,8.0,iris,both,99.0,99.0,0.08,0.4,0,0,0,3,1,3,8.37,suspicious_phone_under_desk_2_laptop
17.81,6.0,eye,yaw_only,99.0,3.0,,0.4,0,0,0,3,1,3,7.81,suspicious_other_screen_2_laptop
17.81,6.0,eye,both,99.0,3.0,,0.4,0,0,0,3,1,3,7.81,suspicious_other_screen_2_laptop
17.81,6.0,eye,yaw_only,15.0,3.0,,0.4,0,0,0,3,1,3,7.81,suspicious_other_screen_2_laptop
17.81,6.0,eye,both,15.0,3.0,,0.4,0,0,0,3,1,3,7.81,suspicious_other_screen_2_laptop
17.81,6.0,eye,yaw_only,10.0,3.0,,0.4,0,0,0,3,1,3,7.81,suspicious_other_screen_2_laptop
17.81,6.0,eye,both,10.0,3.0,,0.4,0,0,0,3,1,3,7.81,suspicious_other_screen_2_laptop
17.26,4.0,eye,yaw_only,99.0,4.0,,0.4,0,0,0,3,1,3,7.26,suspicious_other_screen_2_laptop
17.26,4.0,eye,both,99.0,4.0,,0.4,0,0,0,3,1,3,7.26,suspicious_other_screen_2_laptop
17.26,4.0,eye,yaw_only,15.0,4.0,,0.4,0,0,0,3,1,3,7.26,suspicious_other_screen_2_laptop
17.26,4.0,eye,both,15.0,4.0,,0.4,0,0,0,3,1,3,7.26,suspicious_other_screen_2_laptop
17.26,4.0,eye,yaw_only,10.0,4.0,,0.4,0,0,0,3,1,3,7.26,suspicious_other_screen_2_laptop
17.26,6.0,eye,yaw_only,99.0,4.0,,0.4,0,0,0,3,1,3,7.26,suspicious_other_screen_2_laptop
17.26,6.0,eye,both,99.0,4.0,,0.4,0,0,0,3,1,3,7.26,suspicious_other_screen_2_laptop
17.26,6.0,eye,yaw_only,15.0,4.0,,0.4,0,0,0,3,1,3,7.26,suspicious_other_screen_2_laptop
17.26,6.0,eye,both,15.0,4.0,,0.4,0,0,0,3,1,3,7.26,suspicious_other_screen_2_laptop
17.26,6.0,eye,yaw_only,10.0,4.0,,0.4,0,0,0,3,1,3,7.26,suspicious_other_screen_2_laptop
17.26,6.0,eye,both,10.0,4.0,,0.4,0,0,0,3,1,3,7.26,suspicious_other_screen_2_laptop
17.07,4.0,iris,both,99.0,99.0,0.1,0.4,0,0,0,3,1,3,7.07,suspicious_phone_under_desk_2_laptop
17.07,6.0,iris,both,99.0,99.0,0.1,0.4,0,0,0,3,1,3,7.07,suspicious_phone_under_desk_2_laptop
16.70,4.0,iris,both,99.0,99.0,0.12,0.4,0,0,0,3,1,3,6.70,suspicious_phone_under_desk_2_laptop
16.70,6.0,iris,both,99.0,99.0,0.12,0.4,0,0,0,3,1,3,6.70,suspicious_phone_under_desk_2_laptop
14.09,4.0,eye,both,10.0,5.0,,0.4,0,0,0,3,1,3,4.09,suspicious_phone_under_desk_2_laptop
14.09,4.0,eye,both,10.0,6.0,,0.4,0,0,0,3,1,3,4.09,suspicious_phone_under_desk_2_laptop
14.09,4.0,eye,both,10.0,8.0,,0.4,0,0,0,3,1,3,4.09,suspicious_phone_under_desk_2_laptop
14.09,4.0,iris,both,99.0,99.0,0.15,0.4,0,0,0,3,1,3,4.09,suspicious_phone_under_desk_2_laptop
14.09,4.0,iris,both,99.0,99.0,0.18,0.4,0,0,0,3,1,3,4.09,suspicious_phone_under_desk_2_laptop
8.56,12.0,eye,yaw_only,99.0,2.0,,0.4,0,0,0,3,0,3,8.56,suspicious_other_screen_2_laptop
8.56,12.0,eye,both,99.0,2.0,,0.4,0,0,0,3,0,3,8.56,suspicious_other_screen_2_laptop
8.56,12.0,eye,yaw_only,15.0,2.0,,0.4,0,0,0,3,0,3,8.56,suspicious_other_screen_2_laptop
8.56,12.0,eye,both,15.0,2.0,,0.4,0,0,0,3,0,3,8.56,suspicious_other_screen_2_laptop
8.56,12.0,eye,yaw_only,10.0,2.0,,0.4,0,0,0,3,0,3,8.56,suspicious_other_screen_2_laptop
8.56,12.0,eye,both,10.0,2.0,,0.4,0,0,0,3,0,3,8.56,suspicious_other_screen_2_laptop
8.37,12.0,iris,both,99.0,99.0,0.08,0.4,0,0,0,3,0,3,8.37,suspicious_phone_under_desk_2_laptop
7.81,8.0,eye,yaw_only,99.0,3.0,,0.4,0,0,0,3,0,3,7.81,suspicious_other_screen_2_laptop
7.81,8.0,eye,both,99.0,3.0,,0.4,0,0,0,3,0,3,7.81,suspicious_other_screen_2_laptop
7.81,8.0,eye,yaw_only,15.0,3.0,,0.4,0,0,0,3,0,3,7.81,suspicious_other_screen_2_laptop
7.81,8.0,eye,both,15.0,3.0,,0.4,0,0,0,3,0,3,7.81,suspicious_other_screen_2_laptop
7.81,8.0,eye,yaw_only,10.0,3.0,,0.4,0,0,0,3,0,3,7.81,suspicious_other_screen_2_laptop
7.81,8.0,eye,both,10.0,3.0,,0.4,0,0,0,3,0,3,7.81,suspicious_other_screen_2_laptop
7.81,12.0,eye,yaw_only,99.0,3.0,,0.4,0,0,0,3,0,3,7.81,suspicious_other_screen_2_laptop
7.81,12.0,eye,both,99.0,3.0,,0.4,0,0,0,3,0,3,7.81,suspicious_other_screen_2_laptop
7.81,12.0,eye,yaw_only,15.0,3.0,,0.4,0,0,0,3,0,3,7.81,suspicious_other_screen_2_laptop
7.81,12.0,eye,both,15.0,3.0,,0.4,0,0,0,3,0,3,7.81,suspicious_other_screen_2_laptop
7.81,12.0,eye,yaw_only,10.0,3.0,,0.4,0,0,0,3,0,3,7.81,suspicious_other_screen_2_laptop
7.81,12.0,eye,both,10.0,3.0,,0.4,0,0,0,3,0,3,7.81,suspicious_other_screen_2_laptop
7.26,8.0,eye,yaw_only,99.0,4.0,,0.4,0,0,0,3,0,3,7.26,suspicious_other_screen_2_laptop
7.26,8.0,eye,both,99.0,4.0,,0.4,0,0,0,3,0,3,7.26,suspicious_other_screen_2_laptop
7.26,8.0,eye,yaw_only,15.0,4.0,,0.4,0,0,0,3,0,3,7.26,suspicious_other_screen_2_laptop
7.26,8.0,eye,both,15.0,4.0,,0.4,0,0,0,3,0,3,7.26,suspicious_other_screen_2_laptop
7.26,8.0,eye,yaw_only,10.0,4.0,,0.4,0,0,0,3,0,3,7.26,suspicious_other_screen_2_laptop
7.26,8.0,eye,both,10.0,4.0,,0.4,0,0,0,3,0,3,7.26,suspicious_other_screen_2_laptop
7.26,12.0,eye,yaw_only,99.0,4.0,,0.4,0,0,0,3,0,3,7.26,suspicious_other_screen_2_laptop
7.26,12.0,eye,both,99.0,4.0,,0.4,0,0,0,3,0,3,7.26,suspicious_other_screen_2_laptop
7.26,12.0,eye,yaw_only,15.0,4.0,,0.4,0,0,0,3,0,3,7.26,suspicious_other_screen_2_laptop
7.26,12.0,eye,both,15.0,4.0,,0.4,0,0,0,3,0,3,7.26,suspicious_other_screen_2_laptop
7.26,12.0,eye,yaw_only,10.0,4.0,,0.4,0,0,0,3,0,3,7.26,suspicious_other_screen_2_laptop
7.26,12.0,eye,both,10.0,4.0,,0.4,0,0,0,3,0,3,7.26,suspicious_other_screen_2_laptop
7.07,8.0,iris,both,99.0,99.0,0.1,0.4,0,0,0,3,0,3,7.07,suspicious_phone_under_desk_2_laptop
7.07,12.0,iris,both,99.0,99.0,0.1,0.4,0,0,0,3,0,3,7.07,suspicious_phone_under_desk_2_laptop
6.70,8.0,iris,both,99.0,99.0,0.12,0.4,0,0,0,3,0,3,6.70,suspicious_phone_under_desk_2_laptop
6.70,12.0,iris,both,99.0,99.0,0.12,0.4,0,0,0,3,0,3,6.70,suspicious_phone_under_desk_2_laptop
4.09,6.0,eye,both,10.0,5.0,,0.4,0,0,0,3,0,3,4.09,suspicious_phone_under_desk_2_laptop
4.09,6.0,eye,both,10.0,6.0,,0.4,0,0,0,3,0,3,4.09,suspicious_phone_under_desk_2_laptop
4.09,6.0,eye,both,10.0,8.0,,0.4,0,0,0,3,0,3,4.09,suspicious_phone_under_desk_2_laptop
4.09,6.0,iris,both,99.0,99.0,0.15,0.4,0,0,0,3,0,3,4.09,suspicious_phone_under_desk_2_laptop
4.09,6.0,iris,both,99.0,99.0,0.18,0.4,0,0,0,3,0,3,4.09,suspicious_phone_under_desk_2_laptop
4.09,8.0,eye,both,10.0,5.0,,0.4,0,0,0,3,0,3,4.09,suspicious_phone_under_desk_2_laptop
4.09,8.0,eye,both,10.0,6.0,,0.4,0,0,0,3,0,3,4.09,suspicious_phone_under_desk_2_laptop
4.09,8.0,eye,both,10.0,8.0,,0.4,0,0,0,3,0,3,4.09,suspicious_phone_under_desk_2_laptop
4.09,8.0,iris,both,99.0,99.0,0.15,0.4,0,0,0,3,0,3,4.09,suspicious_phone_under_desk_2_laptop
4.09,8.0,iris,both,99.0,99.0,0.18,0.4,0,0,0,3,0,3,4.09,suspicious_phone_under_desk_2_laptop
4.09,12.0,eye,both,10.0,5.0,,0.4,0,0,0,3,0,3,4.09,suspicious_phone_under_desk_2_laptop
4.09,12.0,eye,both,10.0,6.0,,0.4,0,0,0,3,0,3,4.09,suspicious_phone_under_desk_2_laptop
4.09,12.0,eye,both,10.0,8.0,,0.4,0,0,0,3,0,3,4.09,suspicious_phone_under_desk_2_laptop
4.09,12.0,iris,both,99.0,99.0,0.15,0.4,0,0,0,3,0,3,4.09,suspicious_phone_under_desk_2_laptop
4.09,12.0,iris,both,99.0,99.0,0.18,0.4,0,0,0,3,0,3,4.09,suspicious_phone_under_desk_2_laptop
2.23,4.0,eye,yaw_only,99.0,5.0,,0.4,0,0,0,3,0,3,2.23,suspicious_other_screen_2_laptop
2.23,4.0,eye,both,99.0,5.0,,0.4,0,0,0,3,0,3,2.23,suspicious_other_screen_2_laptop
2.23,4.0,eye,yaw_only,15.0,5.0,,0.4,0,0,0,3,0,3,2.23,suspicious_other_screen_2_laptop
2.23,4.0,eye,both,15.0,5.0,,0.4,0,0,0,3,0,3,2.23,suspicious_other_screen_2_laptop
2.23,4.0,eye,yaw_only,10.0,5.0,,0.4,0,0,0,3,0,3,2.23,suspicious_other_screen_2_laptop
2.23,6.0,eye,yaw_only,99.0,5.0,,0.4,0,0,0,3,0,3,2.23,suspicious_other_screen_2_laptop
2.23,6.0,eye,both,99.0,5.0,,0.4,0,0,0,3,0,3,2.23,suspicious_other_screen_2_laptop
2.23,6.0,eye,yaw_only,15.0,5.0,,0.4,0,0,0,3,0,3,2.23,suspicious_other_screen_2_laptop
2.23,6.0,eye,both,15.0,5.0,,0.4,0,0,0,3,0,3,2.23,suspicious_other_screen_2_laptop
2.23,6.0,eye,yaw_only,10.0,5.0,,0.4,0,0,0,3,0,3,2.23,suspicious_other_screen_2_laptop
2.23,8.0,eye,yaw_only,99.0,5.0,,0.4,0,0,0,3,0,3,2.23,suspicious_other_screen_2_laptop
2.23,8.0,eye,both,99.0,5.0,,0.4,0,0,0,3,0,3,2.23,suspicious_other_screen_2_laptop
2.23,8.0,eye,yaw_only,15.0,5.0,,0.4,0,0,0,3,0,3,2.23,suspicious_other_screen_2_laptop
2.23,8.0,eye,both,15.0,5.0,,0.4,0,0,0,3,0,3,2.23,suspicious_other_screen_2_laptop
2.23,8.0,eye,yaw_only,10.0,5.0,,0.4,0,0,0,3,0,3,2.23,suspicious_other_screen_2_laptop
2.23,12.0,eye,yaw_only,99.0,5.0,,0.4,0,0,0,3,0,3,2.23,suspicious_other_screen_2_laptop
2.23,12.0,eye,both,99.0,5.0,,0.4,0,0,0,3,0,3,2.23,suspicious_other_screen_2_laptop
2.23,12.0,eye,yaw_only,15.0,5.0,,0.4,0,0,0,3,0,3,2.23,suspicious_other_screen_2_laptop
2.23,12.0,eye,both,15.0,5.0,,0.4,0,0,0,3,0,3,2.23,suspicious_other_screen_2_laptop
2.23,12.0,eye,yaw_only,10.0,5.0,,0.4,0,0,0,3,0,3,2.23,suspicious_other_screen_2_laptop
1.49,4.0,eye,both,15.0,6.0,,0.4,0,0,0,3,0,3,1.49,suspicious_phone_under_desk_2_laptop
1.49,4.0,eye,both,15.0,8.0,,0.4,0,0,0,3,0,3,1.49,suspicious_phone_under_desk_2_laptop
1.49,6.0,eye,both,15.0,6.0,,0.4,0,0,0,3,0,3,1.49,suspicious_phone_under_desk_2_laptop
1.49,6.0,eye,both,15.0,8.0,,0.4,0,0,0,3,0,3,1.49,suspicious_phone_under_desk_2_laptop
1.49,8.0,eye,both,15.0,6.0,,0.4,0,0,0,3,0,3,1.49,suspicious_phone_under_desk_2_laptop
1.49,8.0,eye,both,15.0,8.0,,0.4,0,0,0,3,0,3,1.49,suspicious_phone_under_desk_2_laptop
1.49,12.0,eye,both,15.0,6.0,,0.4,0,0,0,3,0,3,1.49,suspicious_phone_under_desk_2_laptop
1.49,12.0,eye,both,15.0,8.0,,0.4,0,0,0,3,0,3,1.49,suspicious_phone_under_desk_2_laptop
0.47,4.0,eye,yaw_only,99.0,6.0,,0.4,0,0,0,3,0,3,0.47,suspicious_phone_side_2_laptop
0.47,4.0,eye,both,99.0,6.0,,0.4,0,0,0,3,0,3,0.47,suspicious_phone_side_2_laptop
0.47,4.0,eye,yaw_only,15.0,6.0,,0.4,0,0,0,3,0,3,0.47,suspicious_phone_side_2_laptop
0.47,4.0,eye,yaw_only,10.0,6.0,,0.4,0,0,0,3,0,3,0.47,suspicious_phone_side_2_laptop
0.47,6.0,eye,yaw_only,99.0,6.0,,0.4,0,0,0,3,0,3,0.47,suspicious_phone_side_2_laptop
0.47,6.0,eye,both,99.0,6.0,,0.4,0,0,0,3,0,3,0.47,suspicious_phone_side_2_laptop
0.47,6.0,eye,yaw_only,15.0,6.0,,0.4,0,0,0,3,0,3,0.47,suspicious_phone_side_2_laptop
0.47,6.0,eye,yaw_only,10.0,6.0,,0.4,0,0,0,3,0,3,0.47,suspicious_phone_side_2_laptop
0.47,8.0,eye,yaw_only,99.0,6.0,,0.4,0,0,0,3,0,3,0.47,suspicious_phone_side_2_laptop
0.47,8.0,eye,both,99.0,6.0,,0.4,0,0,0,3,0,3,0.47,suspicious_phone_side_2_laptop
0.47,8.0,eye,yaw_only,15.0,6.0,,0.4,0,0,0,3,0,3,0.47,suspicious_phone_side_2_laptop
0.47,8.0,eye,yaw_only,10.0,6.0,,0.4,0,0,0,3,0,3,0.47,suspicious_phone_side_2_laptop
0.47,12.0,eye,yaw_only,99.0,6.0,,0.4,0,0,0,3,0,3,0.47,suspicious_phone_side_2_laptop
0.47,12.0,eye,both,99.0,6.0,,0.4,0,0,0,3,0,3,0.47,suspicious_phone_side_2_laptop
0.47,12.0,eye,yaw_only,15.0,6.0,,0.4,0,0,0,3,0,3,0.47,suspicious_phone_side_2_laptop
0.47,12.0,eye,yaw_only,10.0,6.0,,0.4,0,0,0,3,0,3,0.47,suspicious_phone_side_2_laptop
0.00,4.0,eye,yaw_only,99.0,8.0,,0.4,0,0,0,3,0,3,0.00,
0.00,4.0,eye,both,99.0,8.0,,0.4,0,0,0,3,0,3,0.00,
0.00,4.0,eye,yaw_only,15.0,8.0,,0.4,0,0,0,3,0,3,0.00,
0.00,4.0,eye,yaw_only,10.0,8.0,,0.4,0,0,0,3,0,3,0.00,
0.00,6.0,eye,yaw_only,99.0,8.0,,0.4,0,0,0,3,0,3,0.00,
0.00,6.0,eye,both,99.0,8.0,,0.4,0,0,0,3,0,3,0.00,
0.00,6.0,eye,yaw_only,15.0,8.0,,0.4,0,0,0,3,0,3,0.00,
0.00,6.0,eye,yaw_only,10.0,8.0,,0.4,0,0,0,3,0,3,0.00,
0.00,8.0,eye,yaw_only,99.0,8.0,,0.4,0,0,0,3,0,3,0.00,
0.00,8.0,eye,both,99.0,8.0,,0.4,0,0,0,3,0,3,0.00,
0.00,8.0,eye,yaw_only,15.0,8.0,,0.4,0,0,0,3,0,3,0.00,
0.00,8.0,eye,yaw_only,10.0,8.0,,0.4,0,0,0,3,0,3,0.00,
0.00,12.0,eye,yaw_only,99.0,8.0,,0.4,0,0,0,3,0,3,0.00,
0.00,12.0,eye,both,99.0,8.0,,0.4,0,0,0,3,0,3,0.00,
0.00,12.0,eye,yaw_only,15.0,8.0,,0.4,0,0,0,3,0,3,0.00,
0.00,12.0,eye,yaw_only,10.0,8.0,,0.4,0,0,0,3,0,3,0.00,
